<?xml version="1.0" encoding="UTF-8"?><rss version="2.0"
	xmlns:content="http://purl.org/rss/1.0/modules/content/"
	xmlns:wfw="http://wellformedweb.org/CommentAPI/"
	xmlns:dc="http://purl.org/dc/elements/1.1/"
	xmlns:atom="http://www.w3.org/2005/Atom"
	xmlns:sy="http://purl.org/rss/1.0/modules/syndication/"
	xmlns:slash="http://purl.org/rss/1.0/modules/slash/"
	>

<channel>
	<title>Adama, auteur/autrice sur L&#039;ange Gardien Du numérique</title>
	<atom:link href="/index.php/author/adama/feed/" rel="self" type="application/rss+xml" />
	<link>http://localhost/Mon site/index.php/author/adama/</link>
	<description>Votre monde numérique, notre priorité.</description>
	<lastBuildDate>Thu, 17 Oct 2024 14:11:30 +0000</lastBuildDate>
	<language>fr-FR</language>
	<sy:updatePeriod>
	hourly	</sy:updatePeriod>
	<sy:updateFrequency>
	1	</sy:updateFrequency>
	<generator>https://wordpress.org/?v=6.6.2</generator>

<image>
	<url>/wp-content/uploads/2024/10/AGN.png</url>
	<title>Adama, auteur/autrice sur L&#039;ange Gardien Du numérique</title>
	<link>http://localhost/Mon site/index.php/author/adama/</link>
	<width>32</width>
	<height>32</height>
</image> 
	<item>
		<title>Bonjour tout le monde !</title>
		<link>/index.php/2024/10/17/bonjour-tout-le-monde/</link>
					<comments>/index.php/2024/10/17/bonjour-tout-le-monde/#comments</comments>
		
		<dc:creator><![CDATA[Adama]]></dc:creator>
		<pubDate>Thu, 17 Oct 2024 14:11:30 +0000</pubDate>
				<category><![CDATA[Non classé]]></category>
		<guid isPermaLink="false">/?p=1</guid>

					<description><![CDATA[<p>Bienvenue sur WordPress. Ceci est votre premier article. Modifiez-le ou supprimez-le, puis commencez à écrire !</p>
<p>L’article <a href="/index.php/2024/10/17/bonjour-tout-le-monde/">Bonjour tout le monde !</a> est apparu en premier sur <a href="">L&#039;ange Gardien Du numérique</a>.</p>
]]></description>
										<content:encoded><![CDATA[
<p>Bienvenue sur WordPress. Ceci est votre premier article. Modifiez-le ou supprimez-le, puis commencez à écrire !</p>
<p>L’article <a href="/index.php/2024/10/17/bonjour-tout-le-monde/">Bonjour tout le monde !</a> est apparu en premier sur <a href="">L&#039;ange Gardien Du numérique</a>.</p>
]]></content:encoded>
					
					<wfw:commentRss>/index.php/2024/10/17/bonjour-tout-le-monde/feed/</wfw:commentRss>
			<slash:comments>1</slash:comments>
		
		
			</item>
	</channel>
</rss>
